Identifiant PRM;Type de donnees;Date de debut;Date de fin;Grandeur physique;Grandeur metier;Etape metier;Unite
00000000000000;Index;01/08/2020;15/09/2021;Energie active;Consommation;Comptage Brut;Wh
Horodate;Type de releve;EAS F1;EAS F2;EAS F3;EAS F4;EAS F5;EAS F6;EAS F7;EAS F8;EAS F9;EAS F10;EAS D1;EAS D2;EAS D3;EAS D4;EAS T
2020-08-02T00:00:00+02:00;Arrêté quotidien;26575641;61358114;;;;;;;;;23340318;55115006;3235323;6243108;87933755
2020-08-03T00:00:00+02:00;Arrêté quotidien;26596316;61410796;;;;;;;;;23360993;55167688;3235323;6243108;88007112
2020-08-04T00:00:00+02:00;Arrêté quotidien;26622734;61471183;;;;;;;;;23387411;55228075;3235323;6243108;88093917
2020-08-05T00:00:00+02:00;Arrêté quotidien;26655274;61554080;;;;;;;;;23419951;55310972;3235323;6243108;88209354
2020-08-06T00:00:00+02:00;Arrêté quotidien;26685436;61611040;;;;;;;;;23450113;55367932;3235323;6243108;88296476
2020-08-07T00:00:00+02:00;Arrêté quotidien;26713239;61660027;;;;;;;;;23477916;55416919;3235323;6243108;88373266
2020-08-08T00:00:00+02:00;Arrêté quotidien;26739012;61703833;;;;;;;;;23503689;55460725;3235323;6243108;88442845
2020-08-09T00:00:00+02:00;Arrêté quotidien;26760436;61755138;;;;;;;;;23525113;55512030;3235323;6243108;88515574
2020-08-10T00:00:00+02:00;Arrêté quotidien;26782183;61799346;;;;;;;;;23546860;55556238;3235323;6243108;88581529
2020-08-11T00:00:00+02:00;Arrêté quotidien;26798249;61839644;;;;;;;;;23562926;55596536;3235323;6243108;88637893
2020-08-12T00:00:00+02:00;Arrêté quotidien;26819208;61886717;;;;;;;;;23583885;55643609;3235323;6243108;88705925
2020-08-13T00:00:00+02:00;Arrêté quotidien;26832192;61926216;;;;;;;;;23596869;55683108;3235323;6243108;88758408
2020-08-14T00:00:00+02:00;Arrêté quotidien;26849795;61983211;;;;;;;;;23614472;55740103;3235323;6243108;88833006
2020-08-15T00:00:00+02:00;Arrêté quotidien;26868831;62037680;;;;;;;;;23633508;55794572;3235323;6243108;88906511
2020-08-16T00:00:00+02:00;Arrêté quotidien;26883487;62092285;;;;;;;;;23648164;55849177;3235323;6243108;88975772
2020-08-17T00:00:00+02:00;Arrêté quotidien;26906229;62166045;;;;;;;;;23670906;55922937;3235323;6243108;89072274
2020-08-18T00:00:00+02:00;Arrêté quotidien;26929490;62220888;;;;;;;;;23694167;55977780;3235323;6243108;89150378
2020-08-19T00:00:00+02:00;Arrêté quotidien;26948644;62276625;;;;;;;;;23713321;56033517;3235323;6243108;89225269
2020-08-20T00:00:00+02:00;Arrêté quotidien;26970789;62317306;;;;;;;;;23735466;56074198;3235323;6243108;89288095
2020-08-21T00:00:00+02:00;Arrêté quotidien;26996320;62364633;;;;;;;;;23760997;56121525;3235323;6243108;89360953
2020-08-22T00:00:00+02:00;Arrêté quotidien;27032094;62416296;;;;;;;;;23796771;56173188;3235323;6243108;89448390
2020-08-23T00:00:00+02:00;Arrêté quotidien;27056921;62450904;;;;;;;;;23821598;56207796;3235323;6243108;89507825
2020-08-24T00:00:00+02:00;Arrêté quotidien;27083555;62489200;;;;;;;;;23848232;56246092;3235323;6243108;89572755
2020-08-25T00:00:00+02:00;Arrêté quotidien;27118962;62540723;;;;;;;;;23883639;56297615;3235323;6243108;89659685
2020-08-26T00:00:00+02:00;Arrêté quotidien;27140392;62576729;;;;;;;;;23905069;56333621;3235323;6243108;89717121
2020-08-27T00:00:00+02:00;Arrêté quotidien;27188514;62639575;;;;;;;;;23953191;56396467;3235323;6243108;89828089
2020-08-28T00:00:00+02:00;Arrêté quotidien;27225336;62725086;;;;;;;;;23990013;56481978;3235323;6243108;89950422
2020-08-29T00:00:00+02:00;Arrêté quotidien;27257511;62807732;;;;;;;;;24022188;56564624;3235323;6243108;90065243
2020-08-30T00:00:00+02:00;Arrêté quotidien;27315203;62905992;;;;;;;;;24079880;56662884;3235323;6243108;90221195
2020-08-31T00:00:00+02:00;Arrêté quotidien;27353627;62955302;;;;;;;;;24118304;56712194;3235323;6243108;90308929
2020-09-01T00:00:00+02:00;Arrêté quotidien;27379163;63032739;;;;;;;;;24143840;56789631;3235323;6243108;90411902
2020-09-02T00:00:00+02:00;Arrêté quotidien;27403476;63109830;;;;;;;;;24168153;56866722;3235323;6243108;90513306
2020-09-03T00:00:00+02:00;Arrêté quotidien;27424299;63200988;;;;;;;;;24188976;56957880;3235323;6243108;90625287
2020-09-04T00:00:00+02:00;Arrêté quotidien;27440704;63256608;;;;;;;;;24205381;57013500;3235323;6243108;90697312
2020-09-05T00:00:00+02:00;Arrêté quotidien;27458135;63305799;;;;;;;;;24222812;57062691;3235323;6243108;90763934
2020-09-06T00:00:00+02:00;Arrêté quotidien;27479154;63343471;;;;;;;;;24243831;57100363;3235323;6243108;90822625
2020-09-07T00:00:00+02:00;Arrêté quotidien;27521846;63387366;;;;;;;;;24286523;57144258;3235323;6243108;90909212
2020-09-08T00:00:00+02:00;Arrêté quotidien;27540851;63449523;;;;;;;;;24305528;57206415;3235323;6243108;90990374
2020-09-09T00:00:00+02:00;Arrêté quotidien;27561569;63485994;;;;;;;;;24326246;57242886;3235323;6243108;91047563
2020-09-10T00:00:00+02:00;Arrêté quotidien;27602643;63535721;;;;;;;;;24367320;57292613;3235323;6243108;91138364
2020-09-11T00:00:00+02:00;Arrêté quotidien;27624502;63574684;;;;;;;;;24389179;57331576;3235323;6243108;91199186
2020-09-12T00:00:00+02:00;Arrêté quotidien;27643455;63628494;;;;;;;;;24408132;57385386;3235323;6243108;91271949
2020-09-13T00:00:00+02:00;Arrêté quotidien;27662391;63656604;;;;;;;;;24427068;57413496;3235323;6243108;91318995
2020-09-14T00:00:00+02:00;Arrêté quotidien;27678792;63714982;;;;;;;;;24443469;57471874;3235323;6243108;91393774
2020-09-15T00:00:00+02:00;Arrêté quotidien;27695261;63764121;;;;;;;;;24459938;57521013;3235323;6243108;91459382
2020-09-16T00:00:00+02:00;Arrêté quotidien;27710564;63837624;;;;;;;;;24475241;57594516;3235323;6243108;91548188
2020-09-17T00:00:00+02:00;Arrêté quotidien;27723275;63890119;;;;;;;;;24487952;57647011;3235323;6243108;91613394
2020-09-18T00:00:00+02:00;Arrêté quotidien;27738231;63940348;;;;;;;;;24502908;57697240;3235323;6243108;91678579
2020-09-19T00:00:00+02:00;Arrêté quotidien;27753514;64013164;;;;;;;;;24518191;57770056;3235323;6243108;91766678
2020-09-20T00:00:00+02:00;Arrêté quotidien;27766731;64054378;;;;;;;;;24531408;57811270;3235323;6243108;91821109
2020-09-21T00:00:00+02:00;Arrêté quotidien;27780836;64099344;;;;;;;;;24545513;57856236;3235323;6243108;91880180
2020-09-22T00:00:00+02:00;Arrêté quotidien;27796491;64148775;;;;;;;;;24561168;57905667;3235323;6243108;91945266
2020-09-23T00:00:00+02:00;Arrêté quotidien;27810885;64196019;;;;;;;;;24575562;57952911;3235323;6243108;92006904
2020-09-24T00:00:00+02:00;Arrêté quotidien;27825947;64263289;;;;;;;;;24590624;58020181;3235323;6243108;92089236
2020-09-25T00:00:00+02:00;Arrêté quotidien;27840598;64322072;;;;;;;;;24605275;58078964;3235323;6243108;92162670
2020-09-26T00:00:00+02:00;Arrêté quotidien;27853281;64400728;;;;;;;;;24617958;58157620;3235323;6243108;92254009
2020-09-27T00:00:00+02:00;Arrêté quotidien;27864374;64447083;;;;;;;;;24629051;58203975;3235323;6243108;92311457
2020-09-28T00:00:00+02:00;Arrêté quotidien;27869239;64477822;;;;;;;;;24633916;58234714;3235323;6243108;92347061
2020-09-29T00:00:00+02:00;Arrêté quotidien;27874082;64508644;;;;;;;;;24638759;58265536;3235323;6243108;92382726
2020-09-30T00:00:00+02:00;Arrêté quotidien;27878953;64539504;;;;;;;;;24643630;58296396;3235323;6243108;92418457
2020-10-01T00:00:00+02:00;Arrêté quotidien;27883797;64570279;;;;;;;;;24648474;58327171;3235323;6243108;92454076
2020-10-02T00:00:00+02:00;Arrêté quotidien;27888604;64601119;;;;;;;;;24653281;58358011;3235323;6243108;92489723
2020-10-03T00:00:00+02:00;Arrêté quotidien;27893453;64624444;;;;;;;;;24658130;58381336;3235323;6243108;92517897
2020-10-04T00:00:00+02:00;Arrêté quotidien;27897852;64646808;;;;;;;;;24662529;58403700;3235323;6243108;92544660
2020-10-05T00:00:00+02:00;Arrêté quotidien;27903353;64669098;;;;;;;;;24668030;58425990;3235323;6243108;92572451
2020-10-06T00:00:00+02:00;Arrêté quotidien;27909604;64706380;;;;;;;;;24674281;58463272;3235323;6243108;92615984
2020-10-07T00:00:00+02:00;Arrêté quotidien;27916021;64736411;;;;;;;;;24680698;58493303;3235323;6243108;92652432
2020-10-08T00:00:00+02:00;Arrêté quotidien;27922518;64765969;;;;;;;;;24687195;58522861;3235323;6243108;92688487
2020-10-09T00:00:00+02:00;Arrêté quotidien;27928902;64802752;;;;;;;;;24693579;58559644;3235323;6243108;92731654
2020-10-10T00:00:00+02:00;Arrêté quotidien;27935293;64831053;;;;;;;;;24699970;58587945;3235323;6243108;92766346
2020-10-11T00:00:00+02:00;Arrêté quotidien;27939806;64853922;;;;;;;;;24704483;58610814;3235323;6243108;92793728
2020-10-12T00:00:00+02:00;Arrêté quotidien;27944375;64876769;;;;;;;;;24709052;58633661;3235323;6243108;92821144
2020-10-13T00:00:00+02:00;Arrêté quotidien;27949010;64899613;;;;;;;;;24713687;58656505;3235323;6243108;92848623
2020-10-14T00:00:00+02:00;Arrêté quotidien;27953560;64922478;;;;;;;;;24718237;58679370;3235323;6243108;92876038
2020-10-15T00:00:00+02:00;Arrêté quotidien;27958160;64945319;;;;;;;;;24722837;58702211;3235323;6243108;92903479
2020-10-16T00:00:00+02:00;Arrêté quotidien;27972658;65024478;;;;;;;;;24737335;58781370;3235323;6243108;92997136
2020-10-17T00:00:00+02:00;Arrêté quotidien;28072047;65098103;;;;;;;;;24836724;58854995;3235323;6243108;93170150
2020-10-18T00:00:00+02:00;Arrêté quotidien;28109649;65188975;;;;;;;;;24874326;58945867;3235323;6243108;93298624
2020-10-19T00:00:00+02:00;Arrêté quotidien;28133479;65240493;;;;;;;;;24898156;58997385;3235323;6243108;93373972
2020-10-20T00:00:00+02:00;Arrêté quotidien;28167699;65307019;;;;;;;;;24932376;59063911;3235323;6243108;93474718
2020-10-21T00:00:00+02:00;Arrêté quotidien;28182462;65362815;;;;;;;;;24947139;59119707;3235323;6243108;93545277
2020-10-22T00:00:00+02:00;Arrêté quotidien;28216772;65423757;;;;;;;;;24981449;59180649;3235323;6243108;93640529
2020-10-23T00:00:00+02:00;Arrêté quotidien;28231723;65462730;;;;;;;;;24996400;59219622;3235323;6243108;93694453
2020-10-24T00:00:00+02:00;Arrêté quotidien;28245961;65519815;;;;;;;;;25010638;59276707;3235323;6243108;93765776
2020-10-25T00:00:00+02:00;Arrêté quotidien;28269287;65619632;;;;;;;;;25033964;59376524;3235323;6243108;93888919
2020-10-25T23:00:00+01:00;Arrêté quotidien;28269287;65619632;;;;;;;;;25033964;59376524;3235323;6243108;93888919
2020-10-26T23:00:00+01:00;Arrêté quotidien;28300722;65711385;;;;;;;;;25065399;59468277;3235323;6243108;94012107
2020-10-27T23:00:00+01:00;Arrêté quotidien;28330443;65800690;;;;;;;;;25095120;59557582;3235323;6243108;94131133
2020-10-28T23:00:00+01:00;Arrêté quotidien;28360829;65901856;;;;;;;;;25125506;59658748;3235323;6243108;94262685
2020-10-29T23:00:00+01:00;Arrêté quotidien;28401777;65994708;;;;;;;;;25166454;59751600;3235323;6243108;94396485
2020-10-30T23:00:00+01:00;Arrêté quotidien;28428358;66055340;;;;;;;;;25193035;59812232;3235323;6243108;94483698
2020-10-31T23:00:00+01:00;Arrêté quotidien;28461633;66150396;;;;;;;;;25226310;59907288;3235323;6243108;94612029
2020-11-01T23:00:00+01:00;Arrêté quotidien;28491410;66246575;;;;;;;;;25256087;60003467;3235323;6243108;94737985
2020-11-02T23:00:00+01:00;Arrêté quotidien;28512212;66324322;;;;;;;;;25256087;60003467;3256125;6320855;94836534
2020-11-03T23:00:00+01:00;Arrêté quotidien;28544450;66391038;;;;;;;;;25256087;60003467;3288363;6387571;94935488
2020-11-04T23:00:00+01:00;Arrêté quotidien;28575080;66505004;;;;;;;;;25256087;60003467;3318993;6501537;95080084
2020-11-05T23:00:00+01:00;Arrêté quotidien;28619362;66613347;;;;;;;;;25256087;60003467;3363275;6609880;95232709
2020-11-06T23:00:00+01:00;Arrêté quotidien;28666904;66740647;;;;;;;;;25256087;60003467;3410817;6737180;95407551
2020-11-07T23:00:00+01:00;Arrêté quotidien;28706234;66832107;;;;;;;;;25256087;60003467;3450147;6828640;95538341
2020-11-08T23:00:00+01:00;Arrêté quotidien;28730378;66907152;;;;;;;;;25256087;60003467;3474291;6903685;95637530
2020-11-09T23:00:00+01:00;Arrêté quotidien;28753072;66976668;;;;;;;;;25256087;60003467;3496985;6973201;95729740
2020-11-10T23:00:00+01:00;Arrêté quotidien;28774274;67038607;;;;;;;;;25256087;60003467;3518187;7035140;95812881
2020-11-11T23:00:00+01:00;Arrêté quotidien;28794833;67114167;;;;;;;;;25256087;60003467;3538746;7110700;95909000
2020-11-12T23:00:00+01:00;Arrêté quotidien;28824411;67202848;;;;;;;;;25256087;60003467;3568324;7199381;96027259
2020-11-13T23:00:00+01:00;Arrêté quotidien;28848530;67273202;;;;;;;;;25256087;60003467;3592443;7269735;96121732
2020-11-14T23:00:00+01:00;Arrêté quotidien;28871976;67344548;;;;;;;;;25256087;60003467;3615889;7341081;96216524
2020-11-15T23:00:00+01:00;Arrêté quotidien;28892780;67420215;;;;;;;;;25256087;60003467;3636693;7416748;96312995
2020-11-16T23:00:00+01:00;Arrêté quotidien;28921449;67492821;;;;;;;;;25256087;60003467;3665362;7489354;96414270
2020-11-17T23:00:00+01:00;Arrêté quotidien;28953011;67565511;;;;;;;;;25256087;60003467;3696924;7562044;96518522
2020-11-18T23:00:00+01:00;Arrêté quotidien;28975673;67642261;;;;;;;;;25256087;60003467;3719586;7638794;96617934
2020-11-19T23:00:00+01:00;Arrêté quotidien;29005554;67702618;;;;;;;;;25256087;60003467;3749467;7699151;96708172
2020-11-20T23:00:00+01:00;Arrêté quotidien;29029307;67787689;;;;;;;;;25256087;60003467;3773220;7784222;96816996
2020-11-21T23:00:00+01:00;Arrêté quotidien;29064290;67897124;;;;;;;;;25256087;60003467;3808203;7893657;96961414
2020-11-22T23:00:00+01:00;Arrêté quotidien;29104072;67988473;;;;;;;;;25256087;60003467;3847985;7985006;97092545
2020-11-23T23:00:00+01:00;Arrêté quotidien;29166425;68010004;;;;;;;;;25256087;60003467;3910338;8006537;97176429
2020-11-24T23:00:00+01:00;Arrêté quotidien;29176374;68029436;;;;;;;;;25256087;60003467;3920287;8025969;97205810
2020-11-25T23:00:00+01:00;Arrêté quotidien;29186253;68060103;;;;;;;;;25256087;60003467;3930166;8056636;97246356
2020-11-26T23:00:00+01:00;Arrêté quotidien;29192413;68072468;;;;;;;;;25256087;60003467;3936326;8069001;97264881
2020-11-27T23:00:00+01:00;Arrêté quotidien;29198272;68083788;;;;;;;;;25256087;60003467;3942185;8080321;97282060
2020-11-28T23:00:00+01:00;Arrêté quotidien;29203720;68094604;;;;;;;;;25256087;60003467;3947633;8091137;97298324
2020-11-29T23:00:00+01:00;Arrêté quotidien;29208610;68105164;;;;;;;;;25256087;60003467;3952523;8101697;97313774
2020-11-30T23:00:00+01:00;Arrêté quotidien;29214627;68121241;;;;;;;;;25256087;60003467;3958540;8117774;97335868
2020-12-01T23:00:00+01:00;Arrêté quotidien;29248372;68158368;;;;;;;;;25256087;60003467;3992285;8154901;97406740
2020-12-02T23:00:00+01:00;Arrêté quotidien;29261288;68179521;;;;;;;;;25256087;60003467;4005201;8176054;97440809
2020-12-03T23:00:00+01:00;Arrêté quotidien;29283578;68207054;;;;;;;;;25256087;60003467;4027491;8203587;97490632
2020-12-04T23:00:00+01:00;Arrêté quotidien;29303869;68237786;;;;;;;;;25256087;60003467;4047782;8234319;97541655
2020-12-05T23:00:00+01:00;Arrêté quotidien;29315692;68276680;;;;;;;;;25256087;60003467;4059605;8273213;97592372
2020-12-06T23:00:00+01:00;Arrêté quotidien;29352597;68308152;;;;;;;;;25256087;60003467;4096510;8304685;97660749
2020-12-07T23:00:00+01:00;Arrêté quotidien;29369181;68338435;;;;;;;;;25256087;60003467;4113094;8334968;97707616
2020-12-08T23:00:00+01:00;Arrêté quotidien;29408401;68382705;;;;;;;;;25256087;60003467;4152314;8379238;97791106
2020-12-09T23:00:00+01:00;Arrêté quotidien;29433378;68420733;;;;;;;;;25256087;60003467;4177291;8417266;97854111
2020-12-10T23:00:00+01:00;Arrêté quotidien;29473768;68479687;;;;;;;;;25256087;60003467;4217681;8476220;97953455
2020-12-11T23:00:00+01:00;Arrêté quotidien;29503462;68497542;;;;;;;;;25256087;60003467;4247375;8494075;98001004
2020-12-12T23:00:00+01:00;Arrêté quotidien;29519311;68511034;;;;;;;;;25256087;60003467;4263224;8507567;98030345
2020-12-13T23:00:00+01:00;Arrêté quotidien;29527253;68527733;;;;;;;;;25256087;60003467;4271166;8524266;98054986
2020-12-14T23:00:00+01:00;Arrêté quotidien;29545334;68558200;;;;;;;;;25256087;60003467;4289247;8554733;98103534
2020-12-15T23:00:00+01:00;Arrêté quotidien;29553338;68573116;;;;;;;;;25256087;60003467;4297251;8569649;98126454
2020-12-16T23:00:00+01:00;Arrêté quotidien;29566134;68587349;;;;;;;;;25256087;60003467;4310047;8583882;98153483
2020-12-17T23:00:00+01:00;Arrêté quotidien;29582574;68607301;;;;;;;;;25256087;60003467;4326487;8603834;98189875
2020-12-18T23:00:00+01:00;Arrêté quotidien;29590700;68622283;;;;;;;;;25256087;60003467;4334613;8618816;98212983
2020-12-19T23:00:00+01:00;Arrêté quotidien;29602467;68656433;;;;;;;;;25256087;60003467;4346380;8652966;98258900
2020-12-20T23:00:00+01:00;Arrêté quotidien;29622378;68670664;;;;;;;;;25256087;60003467;4366291;8667197;98293042
2020-12-21T23:00:00+01:00;Arrêté quotidien;29629661;68685079;;;;;;;;;25256087;60003467;4373574;8681612;98314740
2020-12-22T23:00:00+01:00;Arrêté quotidien;29652885;68700234;;;;;;;;;25256087;60003467;4396798;8696767;98353119
2020-12-23T23:00:00+01:00;Arrêté quotidien;29658003;68709842;;;;;;;;;25256087;60003467;4401916;8706375;98367845
2020-12-24T23:00:00+01:00;Arrêté quotidien;29663635;68721168;;;;;;;;;25256087;60003467;4407548;8717701;98384803
2020-12-25T23:00:00+01:00;Arrêté quotidien;29672804;68740455;;;;;;;;;25256087;60003467;4416717;8736988;98413259
2020-12-26T23:00:00+01:00;Arrêté quotidien;29698978;68788015;;;;;;;;;25256087;60003467;4442891;8784548;98486993
2020-12-27T23:00:00+01:00;Arrêté quotidien;29732768;68870207;;;;;;;;;25256087;60003467;4476681;8866740;98602975
2020-12-28T23:00:00+01:00;Arrêté quotidien;29749282;68898334;;;;;;;;;25256087;60003467;4493195;8894867;98647616
2020-12-29T23:00:00+01:00;Arrêté quotidien;29766493;68949756;;;;;;;;;25256087;60003467;4510406;8946289;98716249
2020-12-30T23:00:00+01:00;Arrêté quotidien;29785385;68989829;;;;;;;;;25256087;60003467;4529298;8986362;98775214
2020-12-31T23:00:00+01:00;Arrêté quotidien;29811101;69043122;;;;;;;;;25256087;60003467;4555014;9039655;98854223
2021-01-01T23:00:00+01:00;Arrêté quotidien;29827382;69083501;;;;;;;;;25256087;60003467;4571295;9080034;98910883
2021-01-02T23:00:00+01:00;Arrêté quotidien;29868071;69149271;;;;;;;;;25256087;60003467;4611984;9145804;99017342
2021-01-03T23:00:00+01:00;Arrêté quotidien;29907338;69227163;;;;;;;;;25256087;60003467;4651251;9223696;99134501
2021-01-04T23:00:00+01:00;Arrêté quotidien;29950082;69297618;;;;;;;;;25256087;60003467;4693995;9294151;99247700
2021-01-05T23:00:00+01:00;Arrêté quotidien;29995222;69378253;;;;;;;;;25256087;60003467;4739135;9374786;99373475
2021-01-06T23:00:00+01:00;Arrêté quotidien;30034485;69448638;;;;;;;;;25256087;60003467;4778398;9445171;99483123
2021-01-07T23:00:00+01:00;Arrêté quotidien;30070330;69518453;;;;;;;;;25256087;60003467;4814243;9514986;99588783
2021-01-08T23:00:00+01:00;Arrêté quotidien;30115555;69593248;;;;;;;;;25256087;60003467;4859468;9589781;99708803
2021-01-09T23:00:00+01:00;Arrêté quotidien;30166953;69674556;;;;;;;;;25256087;60003467;4910866;9671089;99841509
2021-01-10T23:00:00+01:00;Arrêté quotidien;30227110;69771333;;;;;;;;;25256087;60003467;4971023;9767866;99998443
2021-01-11T23:00:00+01:00;Arrêté quotidien;30271825;69850028;;;;;;;;;25256087;60003467;5015738;9846561;100121853
2021-01-12T23:00:00+01:00;Arrêté quotidien;30321986;69915984;;;;;;;;;25256087;60003467;5065899;9912517;100237970
2021-01-13T23:00:00+01:00;Arrêté quotidien;30351252;69950001;;;;;;;;;25256087;60003467;5095165;9946534;100301253
2021-01-14T23:00:00+01:00;Arrêté quotidien;30364709;69978220;;;;;;;;;25256087;60003467;5108622;9974753;100342929
2021-01-15T23:00:00+01:00;Arrêté quotidien;30386594;70007103;;;;;;;;;25256087;60003467;5130507;10003636;100393697
2021-01-16T23:00:00+01:00;Arrêté quotidien;30410413;70050790;;;;;;;;;25256087;60003467;5154326;10047323;100461203
2021-01-17T23:00:00+01:00;Arrêté quotidien;30455983;70107092;;;;;;;;;25256087;60003467;5199896;10103625;100563075
2021-01-18T23:00:00+01:00;Arrêté quotidien;30470442;70137152;;;;;;;;;25256087;60003467;5214355;10133685;100607594
2021-01-19T23:00:00+01:00;Arrêté quotidien;30503810;70193057;;;;;;;;;25256087;60003467;5247723;10189590;100696867
2021-01-20T23:00:00+01:00;Arrêté quotidien;30531666;70235908;;;;;;;;;25256087;60003467;5275579;10232441;100767574
2021-01-21T23:00:00+01:00;Arrêté quotidien;30554698;70296314;;;;;;;;;25256087;60003467;5298611;10292847;100851012
2021-01-22T23:00:00+01:00;Arrêté quotidien;30564761;70338292;;;;;;;;;25256087;60003467;5308674;10334825;100903053
2021-01-23T23:00:00+01:00;Arrêté quotidien;30575350;70361405;;;;;;;;;25256087;60003467;5319263;10357938;100936755
2021-01-24T23:00:00+01:00;Arrêté quotidien;30600834;70393357;;;;;;;;;25256087;60003467;5344747;10389890;100994191
2021-01-25T23:00:00+01:00;Arrêté quotidien;30641587;70430577;;;;;;;;;25256087;60003467;5385500;10427110;101072164
2021-01-26T23:00:00+01:00;Arrêté quotidien;30665461;70487594;;;;;;;;;25256087;60003467;5409374;10484127;101153055
2021-01-27T23:00:00+01:00;Arrêté quotidien;30709042;70550607;;;;;;;;;25256087;60003467;5452955;10547140;101259649
2021-01-28T23:00:00+01:00;Arrêté quotidien;30730323;70575390;;;;;;;;;25256087;60003467;5474236;10571923;101305713
2021-01-29T23:00:00+01:00;Arrêté quotidien;30742775;70599398;;;;;;;;;25256087;60003467;5486688;10595931;101342173
2021-01-30T23:00:00+01:00;Arrêté quotidien;30754838;70626825;;;;;;;;;25256087;60003467;5498751;10623358;101381663
2021-01-31T23:00:00+01:00;Arrêté quotidien;30765610;70644170;;;;;;;;;25256087;60003467;5509523;10640703;101409780
2021-02-01T23:00:00+01:00;Arrêté quotidien;30774732;70669982;;;;;;;;;25256087;60003467;5518645;10666515;101444714
2021-02-02T23:00:00+01:00;Arrêté quotidien;30782918;70687992;;;;;;;;;25256087;60003467;5526831;10684525;101470910
2021-02-03T23:00:00+01:00;Arrêté quotidien;30793192;70707144;;;;;;;;;25256087;60003467;5537105;10703677;101500336
2021-02-04T23:00:00+01:00;Arrêté quotidien;30811007;70721106;;;;;;;;;25256087;60003467;5554920;10717639;101532113
2021-02-05T23:00:00+01:00;Arrêté quotidien;30819335;70736788;;;;;;;;;25256087;60003467;5563248;10733321;101556123
2021-02-06T23:00:00+01:00;Arrêté quotidien;30827888;70755258;;;;;;;;;25256087;60003467;5571801;10751791;101583146
2021-02-07T23:00:00+01:00;Arrêté quotidien;30842688;70787712;;;;;;;;;25256087;60003467;5586601;10784245;101630400
2021-02-08T23:00:00+01:00;Arrêté quotidien;30870327;70823045;;;;;;;;;25256087;60003467;5614240;10819578;101693372
2021-02-09T23:00:00+01:00;Arrêté quotidien;30901912;70885562;;;;;;;;;25256087;60003467;5645825;10882095;101787474
2021-02-10T23:00:00+01:00;Arrêté quotidien;30948319;70947079;;;;;;;;;25256087;60003467;5692232;10943612;101895398
2021-02-11T23:00:00+01:00;Arrêté quotidien;30972149;71012049;;;;;;;;;25256087;60003467;5716062;11008582;101984198
2021-02-12T23:00:00+01:00;Arrêté quotidien;31008936;71095981;;;;;;;;;25256087;60003467;5752849;11092514;102104917
2021-02-13T23:00:00+01:00;Arrêté quotidien;31060973;71163884;;;;;;;;;25256087;60003467;5804886;11160417;102224857
2021-02-14T23:00:00+01:00;Arrêté quotidien;31106936;71254491;;;;;;;;;25256087;60003467;5850849;11251024;102361427
2021-02-15T23:00:00+01:00;Arrêté quotidien;31151363;71323401;;;;;;;;;25256087;60003467;5895276;11319934;102474764
2021-02-16T23:00:00+01:00;Arrêté quotidien;31181268;71361379;;;;;;;;;25256087;60003467;5925181;11357912;102542647
2021-02-17T23:00:00+01:00;Arrêté quotidien;31199775;71387027;;;;;;;;;25256087;60003467;5943688;11383560;102586802
2021-02-18T23:00:00+01:00;Arrêté quotidien;31230659;71405365;;;;;;;;;25256087;60003467;5974572;11401898;102636024
2021-02-19T23:00:00+01:00;Arrêté quotidien;31244206;71422920;;;;;;;;;25256087;60003467;5988119;11419453;102667126
2021-02-20T23:00:00+01:00;Arrêté quotidien;31255536;71449448;;;;;;;;;25256087;60003467;5999449;11445981;102704984
2021-02-21T23:00:00+01:00;Arrêté quotidien;31271003;71468825;;;;;;;;;25256087;60003467;6014916;11465358;102739828
2021-02-22T23:00:00+01:00;Arrêté quotidien;31279377;71486362;;;;;;;;;25256087;60003467;6023290;11482895;102765739
2021-02-23T23:00:00+01:00;Arrêté quotidien;31287682;71502951;;;;;;;;;25256087;60003467;6031595;11499484;102790633
2021-02-24T23:00:00+01:00;Arrêté quotidien;31304027;71541960;;;;;;;;;25256087;60003467;6047940;11538493;102845987
2021-02-25T23:00:00+01:00;Arrêté quotidien;31312048;71555848;;;;;;;;;25256087;60003467;6055961;11552381;102867896
2021-02-26T23:00:00+01:00;Arrêté quotidien;31318798;71569143;;;;;;;;;25256087;60003467;6062711;11565676;102887941
2021-02-27T23:00:00+01:00;Arrêté quotidien;31326919;71583832;;;;;;;;;25256087;60003467;6070832;11580365;102910751
2021-02-28T23:00:00+01:00;Arrêté quotidien;31339315;71609837;;;;;;;;;25256087;60003467;6083228;11606370;102949152
2021-03-01T23:00:00+01:00;Arrêté quotidien;31367963;71634883;;;;;;;;;25256087;60003467;6111876;11631416;103002846
2021-03-02T23:00:00+01:00;Arrêté quotidien;31385037;71663176;;;;;;;;;25256087;60003467;6128950;11659709;103048213
2021-03-03T23:00:00+01:00;Arrêté quotidien;31393812;71683723;;;;;;;;;25256087;60003467;6137725;11680256;103077535
2021-03-04T23:00:00+01:00;Arrêté quotidien;31401766;71696453;;;;;;;;;25256087;60003467;6145679;11692986;103098219
2021-03-05T23:00:00+01:00;Arrêté quotidien;31409702;71711425;;;;;;;;;25256087;60003467;6153615;11707958;103121127
2021-03-06T23:00:00+01:00;Arrêté quotidien;31421046;71740860;;;;;;;;;25256087;60003467;6164959;11737393;103161906
2021-03-07T23:00:00+01:00;Arrêté quotidien;31462062;71769672;;;;;;;;;25256087;60003467;6205975;11766205;103231734
2021-03-08T23:00:00+01:00;Arrêté quotidien;31484928;71797094;;;;;;;;;25256087;60003467;6228841;11793627;103282022
2021-03-09T23:00:00+01:00;Arrêté quotidien;31512777;71821770;;;;;;;;;25256087;60003467;6256690;11818303;103334547
2021-03-10T23:00:00+01:00;Arrêté quotidien;31545111;71858785;;;;;;;;;25256087;60003467;6289024;11855318;103403896
2021-03-11T23:00:00+01:00;Arrêté quotidien;31590918;71904627;;;;;;;;;25256087;60003467;6334831;11901160;103495545
2021-03-12T23:00:00+01:00;Arrêté quotidien;31599077;71919642;;;;;;;;;25256087;60003467;6342990;11916175;103518719
2021-03-13T23:00:00+01:00;Arrêté quotidien;31607772;71934669;;;;;;;;;25256087;60003467;6351685;11931202;103542441
2021-03-14T23:00:00+01:00;Arrêté quotidien;31615799;71949184;;;;;;;;;25256087;60003467;6359712;11945717;103564983
2021-03-15T23:00:00+01:00;Arrêté quotidien;31625518;71966305;;;;;;;;;25256087;60003467;6369431;11962838;103591823
2021-03-16T23:00:00+01:00;Arrêté quotidien;31635169;71981319;;;;;;;;;25256087;60003467;6379082;11977852;103616488
2021-03-17T23:00:00+01:00;Arrêté quotidien;31643415;71995242;;;;;;;;;25256087;60003467;6387328;11991775;103638657
2021-03-18T23:00:00+01:00;Arrêté quotidien;31650402;72007981;;;;;;;;;25256087;60003467;6394315;12004514;103658383
2021-03-19T23:00:00+01:00;Arrêté quotidien;31658899;72024788;;;;;;;;;25256087;60003467;6402812;12021321;103683687
2021-03-20T23:00:00+01:00;Arrêté quotidien;31668488;72041492;;;;;;;;;25256087;60003467;6412401;12038025;103709980
2021-03-21T23:00:00+01:00;Arrêté quotidien;31683144;72063182;;;;;;;;;25256087;60003467;6427057;12059715;103746326
2021-03-22T23:00:00+01:00;Arrêté quotidien;31694614;72086921;;;;;;;;;25256087;60003467;6438527;12083454;103781535
2021-03-23T23:00:00+01:00;Arrêté quotidien;31708701;72106403;;;;;;;;;25256087;60003467;6452614;12102936;103815104
2021-03-24T23:00:00+01:00;Arrêté quotidien;31720252;72126137;;;;;;;;;25256087;60003467;6464165;12122670;103846389
2021-03-25T23:00:00+01:00;Arrêté quotidien;31730440;72143719;;;;;;;;;25256087;60003467;6474353;12140252;103874159
2021-03-26T23:00:00+01:00;Arrêté quotidien;31737569;72155760;;;;;;;;;25256087;60003467;6481482;12152293;103893329
2021-03-27T23:00:00+01:00;Arrêté quotidien;31744080;72166688;;;;;;;;;25256087;60003467;6487993;12163221;103910768
2021-03-29T00:00:00+02:00;Arrêté quotidien;31756919;72191613;;;;;;;;;25256087;60003467;6500832;12188146;103948532
2021-03-30T00:00:00+02:00;Arrêté quotidien;31762473;72201765;;;;;;;;;25256087;60003467;6506386;12198298;103964238
2021-03-31T00:00:00+02:00;Arrêté quotidien;31766133;72208587;;;;;;;;;25256087;60003467;6510046;12205120;103974720
2021-04-01T00:00:00+02:00;Arrêté quotidien;31769254;72214492;;;;;;;;;25256087;60003467;6513167;12211025;103983746
2021-04-02T00:00:00+02:00;Arrêté quotidien;31771956;72219654;;;;;;;;;25258789;60008629;6513167;12211025;103991610
2021-04-03T00:00:00+02:00;Arrêté quotidien;31774350;72224451;;;;;;;;;25261183;60013426;6513167;12211025;103998801
2021-04-04T00:00:00+02:00;Arrêté quotidien;31777238;72231791;;;;;;;;;25264071;60020766;6513167;12211025;104009029
2021-04-05T00:00:00+02:00;Arrêté quotidien;31784984;72319577;;;;;;;;;25271817;60108552;6513167;12211025;104104561
2021-04-06T00:00:00+02:00;Arrêté quotidien;31839803;72370018;;;;;;;;;25326636;60158993;6513167;12211025;104209821
2021-04-07T00:00:00+02:00;Arrêté quotidien;31882705;72420075;;;;;;;;;25369538;60209050;6513167;12211025;104302780
2021-04-08T00:00:00+02:00;Arrêté quotidien;31943867;72494284;;;;;;;;;25430700;60283259;6513167;12211025;104438151
2021-04-09T00:00:00+02:00;Arrêté quotidien;32008309;72568880;;;;;;;;;25495142;60357855;6513167;12211025;104577189
2021-04-10T00:00:00+02:00;Arrêté quotidien;32059626;72610798;;;;;;;;;25546459;60399773;6513167;12211025;104670424
2021-04-11T00:00:00+02:00;Arrêté quotidien;32087885;72663386;;;;;;;;;25574718;60452361;6513167;12211025;104751271
2021-04-12T00:00:00+02:00;Arrêté quotidien;32109233;72713901;;;;;;;;;25596066;60502876;6513167;12211025;104823134
2021-04-13T00:00:00+02:00;Arrêté quotidien;32171610;72762332;;;;;;;;;25658443;60551307;6513167;12211025;104933942
2021-04-14T00:00:00+02:00;Arrêté quotidien;32233948;72808238;;;;;;;;;25720781;60597213;6513167;12211025;105042186
2021-04-15T00:00:00+02:00;Arrêté quotidien;32284012;72859645;;;;;;;;;25770845;60648620;6513167;12211025;105143657
2021-04-16T00:00:00+02:00;Arrêté quotidien;32338569;72905939;;;;;;;;;25825402;60694914;6513167;12211025;105244508
2021-04-17T00:00:00+02:00;Arrêté quotidien;32393550;72943244;;;;;;;;;25880383;60732219;6513167;12211025;105336794
2021-04-18T00:00:00+02:00;Arrêté quotidien;32440911;72979506;;;;;;;;;25927744;60768481;6513167;12211025;105420417
2021-04-19T00:00:00+02:00;Arrêté quotidien;32484907;73013445;;;;;;;;;25971740;60802420;6513167;12211025;105498352
2021-04-20T00:00:00+02:00;Arrêté quotidien;32520941;73049659;;;;;;;;;26007774;60838634;6513167;12211025;105570600
2021-04-21T00:00:00+02:00;Arrêté quotidien;32536007;73075536;;;;;;;;;26022840;60864511;6513167;12211025;105611543
2021-04-22T00:00:00+02:00;Arrêté quotidien;32553444;73100092;;;;;;;;;26040277;60889067;6513167;12211025;105653536
2021-04-23T00:00:00+02:00;Arrêté quotidien;32565737;73117526;;;;;;;;;26052570;60906501;6513167;12211025;105683263
2021-04-24T00:00:00+02:00;Arrêté quotidien;32577359;73138318;;;;;;;;;26064192;60927293;6513167;12211025;105715677
2021-04-25T00:00:00+02:00;Arrêté quotidien;32594841;73155348;;;;;;;;;26081674;60944323;6513167;12211025;105750189
2021-04-26T00:00:00+02:00;Arrêté quotidien;32607640;73171163;;;;;;;;;26094473;60960138;6513167;12211025;105778803
2021-04-27T00:00:00+02:00;Arrêté quotidien;32619346;73191348;;;;;;;;;26106179;60980323;6513167;12211025;105810694
2021-04-28T00:00:00+02:00;Arrêté quotidien;32632261;73208336;;;;;;;;;26119094;60997311;6513167;12211025;105840597
2021-04-29T00:00:00+02:00;Arrêté quotidien;32643517;73235341;;;;;;;;;26130350;61024316;6513167;12211025;105878858
2021-04-30T00:00:00+02:00;Arrêté quotidien;32662354;73264082;;;;;;;;;26149187;61053057;6513167;12211025;105926436
2021-05-01T00:00:00+02:00;Arrêté quotidien;32672064;73287678;;;;;;;;;26158897;61076653;6513167;12211025;105959742
2021-05-02T00:00:00+02:00;Arrêté quotidien;32694978;73336819;;;;;;;;;26181811;61125794;6513167;12211025;106031797
2021-05-03T00:00:00+02:00;Arrêté quotidien;32706086;73357191;;;;;;;;;26192919;61146166;6513167;12211025;106063277
2021-05-04T00:00:00+02:00;Arrêté quotidien;32708398;73372362;;;;;;;;;26195231;61161337;6513167;12211025;106080760
2021-05-05T00:00:00+02:00;Arrêté quotidien;32710691;73376832;;;;;;;;;26197524;61165807;6513167;12211025;106087523
2021-05-06T00:00:00+02:00;Arrêté quotidien;32713055;73381369;;;;;;;;;26199888;61170344;6513167;12211025;106094424
2021-05-07T00:00:00+02:00;Arrêté quotidien;32715324;73385829;;;;;;;;;26202157;61174804;6513167;12211025;106101153
2021-05-08T00:00:00+02:00;Arrêté quotidien;32717628;73390299;;;;;;;;;26204461;61179274;6513167;12211025;106107927
2021-05-09T00:00:00+02:00;Arrêté quotidien;32719906;73394617;;;;;;;;;26206739;61183592;6513167;12211025;106114523
2021-05-10T00:00:00+02:00;Arrêté quotidien;32722160;73398920;;;;;;;;;26208993;61187895;6513167;12211025;106121080
2021-05-11T00:00:00+02:00;Arrêté quotidien;32724360;73404611;;;;;;;;;26211193;61193586;6513167;12211025;106128971
2021-05-12T00:00:00+02:00;Arrêté quotidien;32726576;73408943;;;;;;;;;26213409;61197918;6513167;12211025;106135519
2021-05-13T00:00:00+02:00;Arrêté quotidien;32728821;73413168;;;;;;;;;26215654;61202143;6513167;12211025;106141989
2021-05-14T00:00:00+02:00;Arrêté quotidien;32731013;73417464;;;;;;;;;26217846;61206439;6513167;12211025;106148477
2021-05-15T00:00:00+02:00;Arrêté quotidien;32733206;73421699;;;;;;;;;26220039;61210674;6513167;12211025;106154905
2021-05-16T00:00:00+02:00;Arrêté quotidien;32735376;73425927;;;;;;;;;26222209;61214902;6513167;12211025;106161303
2021-05-17T00:00:00+02:00;Arrêté quotidien;32737579;73430183;;;;;;;;;26224412;61219158;6513167;12211025;106167762
2021-05-18T00:00:00+02:00;Arrêté quotidien;32739765;73434507;;;;;;;;;26226598;61223482;6513167;12211025;106174272
2021-05-19T00:00:00+02:00;Arrêté quotidien;32741986;73438831;;;;;;;;;26228819;61227806;6513167;12211025;106180817
2021-05-20T00:00:00+02:00;Arrêté quotidien;32744191;73443126;;;;;;;;;26231024;61232101;6513167;12211025;106187317
2021-05-21T00:00:00+02:00;Arrêté quotidien;32748328;73473967;;;;;;;;;26235161;61262942;6513167;12211025;106222295
2021-05-22T00:00:00+02:00;Arrêté quotidien;32782707;73544050;;;;;;;;;26269540;61333025;6513167;12211025;106326757
2021-05-23T00:00:00+02:00;Arrêté quotidien;32806878;73585614;;;;;;;;;26293711;61374589;6513167;12211025;106392492
2021-05-24T00:00:00+02:00;Arrêté quotidien;32824079;73626853;;;;;;;;;26310912;61415828;6513167;12211025;106450932
2021-05-25T00:00:00+02:00;Arrêté quotidien;32842715;73666048;;;;;;;;;26329548;61455023;6513167;12211025;106508763
2021-05-26T00:00:00+02:00;Arrêté quotidien;32860444;73710579;;;;;;;;;26347277;61499554;6513167;12211025;106571023
2021-05-27T00:00:00+02:00;Arrêté quotidien;32879331;73748668;;;;;;;;;26366164;61537643;6513167;12211025;106627999
2021-05-28T00:00:00+02:00;Arrêté quotidien;32896904;73782179;;;;;;;;;26383737;61571154;6513167;12211025;106679083
2021-05-29T00:00:00+02:00;Arrêté quotidien;32911716;73811790;;;;;;;;;26398549;61600765;6513167;12211025;106723506
2021-05-30T00:00:00+02:00;Arrêté quotidien;32929824;73846988;;;;;;;;;26416657;61635963;6513167;12211025;106776812
2021-05-31T00:00:00+02:00;Arrêté quotidien;32978321;73881252;;;;;;;;;26465154;61670227;6513167;12211025;106859573
2021-06-01T00:00:00+02:00;Arrêté quotidien;33003126;73917924;;;;;;;;;26489959;61706899;6513167;12211025;106921050
2021-06-02T00:00:00+02:00;Arrêté quotidien;33032718;73978366;;;;;;;;;26519551;61767341;6513167;12211025;107011084
2021-06-03T00:00:00+02:00;Arrêté quotidien;33077048;74036214;;;;;;;;;26563881;61825189;6513167;12211025;107113262
2021-06-04T00:00:00+02:00;Arrêté quotidien;33098210;74070151;;;;;;;;;26585043;61859126;6513167;12211025;107168361
2021-06-05T00:00:00+02:00;Arrêté quotidien;33132192;74139581;;;;;;;;;26619025;61928556;6513167;12211025;107271773
2021-06-06T00:00:00+02:00;Arrêté quotidien;33162539;74223680;;;;;;;;;26649372;62012655;6513167;12211025;107386219
2021-06-07T00:00:00+02:00;Arrêté quotidien;33214068;74259977;;;;;;;;;26700901;62048952;6513167;12211025;107474045
2021-06-08T00:00:00+02:00;Arrêté quotidien;33242402;74308654;;;;;;;;;26729235;62097629;6513167;12211025;107551056
2021-06-09T00:00:00+02:00;Arrêté quotidien;33264418;74333787;;;;;;;;;26751251;62122762;6513167;12211025;107598205
2021-06-10T00:00:00+02:00;Arrêté quotidien;33284975;74370403;;;;;;;;;26771808;62159378;6513167;12211025;107655378
2021-06-11T00:00:00+02:00;Arrêté quotidien;33311324;74407012;;;;;;;;;26798157;62195987;6513167;12211025;107718336
2021-06-12T00:00:00+02:00;Arrêté quotidien;33337872;74437567;;;;;;;;;26824705;62226542;6513167;12211025;107775439
2021-06-13T00:00:00+02:00;Arrêté quotidien;33355807;74507054;;;;;;;;;26842640;62296029;6513167;12211025;107862861
2021-06-14T00:00:00+02:00;Arrêté quotidien;33380750;74544775;;;;;;;;;26867583;62333750;6513167;12211025;107925525
2021-06-15T00:00:00+02:00;Arrêté quotidien;33405472;74579767;;;;;;;;;26892305;62368742;6513167;12211025;107985239
2021-06-16T00:00:00+02:00;Arrêté quotidien;33417964;74610918;;;;;;;;;26904797;62399893;6513167;12211025;108028882
2021-06-17T00:00:00+02:00;Arrêté quotidien;33436564;74638245;;;;;;;;;26923397;62427220;6513167;12211025;108074809
2021-06-18T00:00:00+02:00;Arrêté quotidien;33455344;74669968;;;;;;;;;26942177;62458943;6513167;12211025;108125312
2021-06-19T00:00:00+02:00;Arrêté quotidien;33471857;74729019;;;;;;;;;26958690;62517994;6513167;12211025;108200876
2021-06-20T00:00:00+02:00;Arrêté quotidien;33493181;74768488;;;;;;;;;26980014;62557463;6513167;12211025;108261669
2021-06-21T00:00:00+02:00;Arrêté quotidien;33538300;74813103;;;;;;;;;27025133;62602078;6513167;12211025;108351403
2021-06-22T00:00:00+02:00;Arrêté quotidien;33558210;74844839;;;;;;;;;27045043;62633814;6513167;12211025;108403049
2021-06-23T00:00:00+02:00;Arrêté quotidien;33570362;74887170;;;;;;;;;27057195;62676145;6513167;12211025;108457532
2021-06-24T00:00:00+02:00;Arrêté quotidien;33582788;74982544;;;;;;;;;27069621;62771519;6513167;12211025;108565332
2021-06-25T00:00:00+02:00;Arrêté quotidien;33595869;75035233;;;;;;;;;27082702;62824208;6513167;12211025;108631102
2021-06-26T00:00:00+02:00;Arrêté quotidien;33612459;75080410;;;;;;;;;27099292;62869385;6513167;12211025;108692869
2021-06-27T00:00:00+02:00;Arrêté quotidien;33626273;75138294;;;;;;;;;27113106;62927269;6513167;12211025;108764567
2021-06-28T00:00:00+02:00;Arrêté quotidien;33642824;75219157;;;;;;;;;27129657;63008132;6513167;12211025;108861981
2021-06-29T00:00:00+02:00;Arrêté quotidien;33657432;75275335;;;;;;;;;27144265;63064310;6513167;12211025;108932767
2021-06-30T00:00:00+02:00;Arrêté quotidien;33674089;75340581;;;;;;;;;27160922;63129556;6513167;12211025;109014670
2021-07-01T00:00:00+02:00;Arrêté quotidien;33685717;75388059;;;;;;;;;27172550;63177034;6513167;12211025;109073776
2021-07-02T00:00:00+02:00;Arrêté quotidien;33701221;75437555;;;;;;;;;27188054;63226530;6513167;12211025;109138776
2021-07-03T00:00:00+02:00;Arrêté quotidien;33715094;75494396;;;;;;;;;27201927;63283371;6513167;12211025;109209490
2021-07-04T00:00:00+02:00;Arrêté quotidien;33732720;75555763;;;;;;;;;27219553;63344738;6513167;12211025;109288483
2021-07-05T00:00:00+02:00;Arrêté quotidien;33747096;75645006;;;;;;;;;27233929;63433981;6513167;12211025;109392102
2021-07-06T00:00:00+02:00;Arrêté quotidien;33758652;75698308;;;;;;;;;27245485;63487283;6513167;12211025;109456960
2021-07-07T00:00:00+02:00;Arrêté quotidien;33796095;75755498;;;;;;;;;27282928;63544473;6513167;12211025;109551593
2021-07-08T00:00:00+02:00;Arrêté quotidien;33818567;75794979;;;;;;;;;27305400;63583954;6513167;12211025;109613546
2021-07-09T00:00:00+02:00;Arrêté quotidien;33846208;75857318;;;;;;;;;27333041;63646293;6513167;12211025;109703526
2021-07-10T00:00:00+02:00;Arrêté quotidien;33868926;75893061;;;;;;;;;27355759;63682036;6513167;12211025;109761987
2021-07-11T00:00:00+02:00;Arrêté quotidien;33917357;75944998;;;;;;;;;27404190;63733973;6513167;12211025;109862355
2021-07-12T00:00:00+02:00;Arrêté quotidien;33941998;75984594;;;;;;;;;27428831;63773569;6513167;12211025;109926592
2021-07-13T00:00:00+02:00;Arrêté quotidien;33964162;76024689;;;;;;;;;27450995;63813664;6513167;12211025;109988851
2021-07-14T00:00:00+02:00;Arrêté quotidien;33990289;76123287;;;;;;;;;27477122;63912262;6513167;12211025;110113576
2021-07-15T00:00:00+02:00;Arrêté quotidien;34014071;76167854;;;;;;;;;27500904;63956829;6513167;12211025;110181925
2021-07-16T00:00:00+02:00;Arrêté quotidien;34043755;76222842;;;;;;;;;27530588;64011817;6513167;12211025;110266597
2021-07-17T00:00:00+02:00;Arrêté quotidien;34068828;76253834;;;;;;;;;27555661;64042809;6513167;12211025;110322662
2021-07-18T00:00:00+02:00;Arrêté quotidien;34090563;76282492;;;;;;;;;27577396;64071467;6513167;12211025;110373055
2021-07-19T00:00:00+02:00;Arrêté quotidien;34113479;76323196;;;;;;;;;27600312;64112171;6513167;12211025;110436675
2021-07-20T00:00:00+02:00;Arrêté quotidien;34136640;76352981;;;;;;;;;27623473;64141956;6513167;12211025;110489621
2021-07-21T00:00:00+02:00;Arrêté quotidien;34156220;76387555;;;;;;;;;27643053;64176530;6513167;12211025;110543775
2021-07-22T00:00:00+02:00;Arrêté quotidien;34177734;76420621;;;;;;;;;27664567;64209596;6513167;12211025;110598355
2021-07-23T00:00:00+02:00;Arrêté quotidien;34200426;76458540;;;;;;;;;27687259;64247515;6513167;12211025;110658966
2021-07-24T00:00:00+02:00;Arrêté quotidien;34223751;76491551;;;;;;;;;27710584;64280526;6513167;12211025;110715302
2021-07-25T00:00:00+02:00;Arrêté quotidien;34248553;76531529;;;;;;;;;27735386;64320504;6513167;12211025;110780082
2021-07-26T00:00:00+02:00;Arrêté quotidien;34267262;76553318;;;;;;;;;27754095;64342293;6513167;12211025;110820580
2021-07-27T00:00:00+02:00;Arrêté quotidien;34297823;76605307;;;;;;;;;27784656;64394282;6513167;12211025;110903130
2021-07-28T00:00:00+02:00;Arrêté quotidien;34313540;76629527;;;;;;;;;27800373;64418502;6513167;12211025;110943067
2021-07-29T00:00:00+02:00;Arrêté quotidien;34330217;76666693;;;;;;;;;27817050;64455668;6513167;12211025;110996910
2021-07-30T00:00:00+02:00;Arrêté quotidien;34342744;76727951;;;;;;;;;27829577;64516926;6513167;12211025;111070695
2021-07-31T00:00:00+02:00;Arrêté quotidien;34356050;76774451;;;;;;;;;27842883;64563426;6513167;12211025;111130501
2021-08-01T00:00:00+02:00;Arrêté quotidien;34368973;76825866;;;;;;;;;27855806;64614841;6513167;12211025;111194839
2021-08-02T00:00:00+02:00;Arrêté quotidien;34382969;76882045;;;;;;;;;27869802;64671020;6513167;12211025;111265014
2021-08-03T00:00:00+02:00;Arrêté quotidien;34400715;76940117;;;;;;;;;27887548;64729092;6513167;12211025;111340832
2021-08-04T00:00:00+02:00;Arrêté quotidien;34421702;77041392;;;;;;;;;27908535;64830367;6513167;12211025;111463094
2021-08-05T00:00:00+02:00;Arrêté quotidien;34449543;77108381;;;;;;;;;27936376;64897356;6513167;12211025;111557924
2021-08-06T00:00:00+02:00;Arrêté quotidien;34465339;77183824;;;;;;;;;27952172;64972799;6513167;12211025;111649163
2021-08-07T00:00:00+02:00;Arrêté quotidien;34484629;77266454;;;;;;;;;27971462;65055429;6513167;12211025;111751083
2021-08-08T00:00:00+02:00;Arrêté quotidien;34513278;77341019;;;;;;;;;28000111;65129994;6513167;12211025;111854297
2021-08-09T00:00:00+02:00;Arrêté quotidien;34533943;77414545;;;;;;;;;28020776;65203520;6513167;12211025;111948488
2021-08-10T00:00:00+02:00;Arrêté quotidien;34563738;77488996;;;;;;;;;28050571;65277971;6513167;12211025;112052734
2021-08-11T00:00:00+02:00;Arrêté quotidien;34587754;77548731;;;;;;;;;28074587;65337706;6513167;12211025;112136485
2021-08-12T00:00:00+02:00;Arrêté quotidien;34606794;77606291;;;;;;;;;28093627;65395266;6513167;12211025;112213085
2021-08-13T00:00:00+02:00;Arrêté quotidien;34631813;77657264;;;;;;;;;28118646;65446239;6513167;12211025;112289077
2021-08-14T00:00:00+02:00;Arrêté quotidien;34651591;77708907;;;;;;;;;28138424;65497882;6513167;12211025;112360498
2021-08-15T00:00:00+02:00;Arrêté quotidien;34673944;77758555;;;;;;;;;28160777;65547530;6513167;12211025;112432499
2021-08-16T00:00:00+02:00;Arrêté quotidien;34699758;77800239;;;;;;;;;28186591;65589214;6513167;12211025;112499997
2021-08-17T00:00:00+02:00;Arrêté quotidien;34723657;77853787;;;;;;;;;28210490;65642762;6513167;12211025;112577444
2021-08-18T00:00:00+02:00;Arrêté quotidien;34744472;77949137;;;;;;;;;28231305;65738112;6513167;12211025;112693609
2021-08-19T00:00:00+02:00;Arrêté quotidien;34785962;77991208;;;;;;;;;28272795;65780183;6513167;12211025;112777170
2021-08-20T00:00:00+02:00;Arrêté quotidien;34814221;78068223;;;;;;;;;28301054;65857198;6513167;12211025;112882444
2021-08-21T00:00:00+02:00;Arrêté quotidien;34846488;78136186;;;;;;;;;28333321;65925161;6513167;12211025;112982674
2021-08-22T00:00:00+02:00;Arrêté quotidien;34877968;78185029;;;;;;;;;28364801;65974004;6513167;12211025;113062997
2021-08-23T00:00:00+02:00;Arrêté quotidien;34904763;78244296;;;;;;;;;28391596;66033271;6513167;12211025;113149059
2021-08-24T00:00:00+02:00;Arrêté quotidien;34925982;78314790;;;;;;;;;28412815;66103765;6513167;12211025;113240772
2021-08-25T00:00:00+02:00;Arrêté quotidien;34950271;78380267;;;;;;;;;28437104;66169242;6513167;12211025;113330538
2021-08-26T00:00:00+02:00;Arrêté quotidien;34970835;78429409;;;;;;;;;28457668;66218384;6513167;12211025;113400244
2021-08-27T00:00:00+02:00;Arrêté quotidien;34987493;78479529;;;;;;;;;28474326;66268504;6513167;12211025;113467022
2021-08-28T00:00:00+02:00;Arrêté quotidien;35009070;78541788;;;;;;;;;28495903;66330763;6513167;12211025;113550858
2021-08-29T00:00:00+02:00;Arrêté quotidien;35036558;78600843;;;;;;;;;28523391;66389818;6513167;12211025;113637401
2021-08-30T00:00:00+02:00;Arrêté quotidien;35068116;78659568;;;;;;;;;28554949;66448543;6513167;12211025;113727684
2021-08-31T00:00:00+02:00;Arrêté quotidien;35097845;78715637;;;;;;;;;28584678;66504612;6513167;12211025;113813482
2021-09-01T00:00:00+02:00;Arrêté quotidien;35151681;78775109;;;;;;;;;28638514;66564084;6513167;12211025;113926790
2021-09-02T00:00:00+02:00;Arrêté quotidien;35181562;78821871;;;;;;;;;28668395;66610846;6513167;12211025;114003433
2021-09-03T00:00:00+02:00;Arrêté quotidien;35234491;78869635;;;;;;;;;28721324;66658610;6513167;12211025;114104126
2021-09-04T00:00:00+02:00;Arrêté quotidien;35262087;78906097;;;;;;;;;28748920;66695072;6513167;12211025;114168184
2021-09-05T00:00:00+02:00;Arrêté quotidien;35288789;78951886;;;;;;;;;28775622;66740861;6513167;12211025;114240675
2021-09-06T00:00:00+02:00;Arrêté quotidien;35312153;78986135;;;;;;;;;28798986;66775110;6513167;12211025;114298288
2021-09-07T00:00:00+02:00;Arrêté quotidien;35336319;79027032;;;;;;;;;28823152;66816007;6513167;12211025;114363351
2021-09-08T00:00:00+02:00;Arrêté quotidien;35361833;79067684;;;;;;;;;28848666;66856659;6513167;12211025;114429517
2021-09-09T00:00:00+02:00;Arrêté quotidien;35382254;79100455;;;;;;;;;28869087;66889430;6513167;12211025;114482709
2021-09-10T00:00:00+02:00;Arrêté quotidien;35405617;79139893;;;;;;;;;28892450;66928868;6513167;12211025;114545510
2021-09-11T00:00:00+02:00;Arrêté quotidien;35448598;79179209;;;;;;;;;28935431;66968184;6513167;12211025;114627807
2021-09-12T00:00:00+02:00;Arrêté quotidien;35465676;79225668;;;;;;;;;28952509;67014643;6513167;12211025;114691344
2021-09-13T00:00:00+02:00;Arrêté quotidien;35485205;79276577;;;;;;;;;28972038;67065552;6513167;12211025;114761782
2021-09-14T00:00:00+02:00;Arrêté quotidien;35503442;79315983;;;;;;;;;28990275;67104958;6513167;12211025;114819425
2021-09-15T00:00:00+02:00;Arrêté quotidien;35519220;79352179;;;;;;;;;29006053;67141154;6513167;12211025;114871399
Periode;Identifiant calendrier fournisseur;Libelle calendrier fournisseur;Identifiant classe temporelle 1;Libelle classe temporelle 1;Cadran classe temporelle 1;Identifiant classe temporelle 2;Libelle classe temporelle 2;Cadran classe temporelle 2;Identifiant classe temporelle 3;Libelle classe temporelle 3;Cadran classe temporelle 3;Identifiant classe temporelle 4;Libelle classe temporelle 4;Cadran classe temporelle 4;Identifiant classe temporelle 5;Libelle classe temporelle 5;Cadran classe temporelle 5;Identifiant classe temporelle 6;Libelle classe temporelle 6;Cadran classe temporelle 6;Identifiant classe temporelle 7;Libelle classe temporelle 7;Cadran classe temporelle 7;Identifiant classe temporelle 8;Libelle classe temporelle 8;Cadran classe temporelle 8;Identifiant classe temporelle 9;Libelle classe temporelle 9;Cadran classe temporelle 9;Identifiant classe temporelle 10;Libelle classe temporelle 10;Cadran classe temporelle 10;Identifiant calendrier distributeur;Libelle calendrier distributeur;Identifiant classe temporelle distributeur 1;Libelle classe temporelle distributeur 1;Cadran classe temporelle distributeur 1;Identifiant classe temporelle distributeur 2;Libelle classe temporelle distributeur 2;Cadran classe temporelle distributeur 2;Identifiant classe temporelle distributeur 3;Libelle classe temporelle distributeur 3;Cadran classe temporelle distributeur 3;Identifiant classe temporelle distributeur 4;Libelle classe temporelle distributeur 4;Cadran classe temporelle distributeur 4
Du 2020-08-02T00:00:00+02:00 au;FC000032;Heures Pleines/Creuses;HC;Heures Creuses;EAS F1;HP;Heures Pleines;EAS F2;;;EAS F3;;;EAS F4;;;EAS F5;;;EAS F6;;;EAS F7;;;EAS F8;;;EAS F9;;;EAS F10;DI000003;Avec diffÃ©renciation temporelle et saisonniÃ¤re;HCB;Heures Creuses Saison Basse;EAS D1;HPB;Heures Pleines Saison Basse;EAS D2;HCH;Heures Creuses Hiver / Saison Haute;EAS D3;HPH;Heures Pleines Hiver / Saison Haute;EAS D4
